name,handedness,height,weight,avg,HR,BMI,BMI_Range
Denny Lemaster,Right Handed,73,182,0.13,4,24,Normal
Joe Nolan,Left Handed,71,175,0.263,27,24,Normal
Denny Doyle,Left Handed,69,175,0.25,16,26,Overweight
Jose Cardenal,Right Handed,70,150,0.275,138,22,Normal
Mike Ryan,Right Handed,74,205,0.193,28,26,Overweight
Fritz Peterson,Both Handed,72,185,0.159,2,25,Overweight
Dick Bertell,Right Handed,72,200,0.25,10,27,Overweight
Rod Kanehl,Right Handed,73,180,0.241,6,24,Normal
Juan Bonilla,Right Handed,69,170,0.256,7,25,Overweight
Frank Tepedino,Left Handed,71,185,0.241,6,26,Overweight
Rick Wise,Right Handed,73,180,0.195,15,24,Normal
Darrell Evans,Left Handed,74,200,0.248,414,26,Overweight
Buck Martinez,Right Handed,70,190,0.225,58,27,Overweight
John Wockenfuss,Right Handed,72,190,0.262,86,26,Overweight
Tommy McCraw,Left Handed,72,183,0.246,75,25,Overweight
Lee Lacy,Right Handed,73,175,0.286,91,23,Normal
Pete Rose,Both Handed,71,192,0.303,160,27,Overweight
Danny Walton,Right Handed,72,195,0.223,28,26,Overweight
Bobby Cox,Right Handed,71,180,0.225,9,25,Overweight
Brad Wellman,Right Handed,72,170,0.231,6,23,Normal
Jeff Newman,Right Handed,74,215,0.224,63,28,Overweight
Pedro Gonzalez,Right Handed,72,176,0.244,8,24,Normal
Tommie Reynolds,Right Handed,74,190,0.226,12,24,Normal
Gene Clines,Right Handed,69,170,0.277,5,25,Overweight
Jim Hickman,Right Handed,75,192,0.252,159,24,Normal
Jack Billingham,Right Handed,76,195,0.111,0,24,Normal
Jerry Buchek,Right Handed,71,185,0.22,22,26,Overweight
Ivan DeJesus,Right Handed,71,175,0.254,21,24,Normal
Gary Nolan,Right Handed,74,197,0.138,1,25,Overweight
Fred Whitfield,Left Handed,73,190,0.253,108,25,Overweight
Larry Dierker,Right Handed,76,215,0.136,4,26,Overweight
Dave Skaggs,Right Handed,74,200,0.241,3,26,Overweight
Dick Ruthven,Right Handed,75,190,0.183,1,24,Normal
Dave Kingman,Right Handed,78,210,0.236,442,24,Normal
Eric Soderholm,Right Handed,71,187,0.264,102,26,Overweight
Ed Brinkman,Right Handed,72,170,0.224,60,23,Normal
Wayne Garrett,Left Handed,71,175,0.239,61,24,Normal
Tony Muser,Left Handed,74,180,0.259,7,23,Normal
Ted Ford,Right Handed,70,180,0.219,17,26,Overweight
Jim Lyttle,Left Handed,72,180,0.248,9,24,Normal
Scot Thompson,Left Handed,75,195,0.262,5,24,Normal
Gene Locklear,Left Handed,70,165,0.274,9,24,Normal
Bo Diaz,Right Handed,71,185,0.255,87,26,Overweight
Bump Wills,Both Handed,69,172,0.266,36,25,Overweight
Pat Putnam,Left Handed,72,205,0.255,63,28,Overweight
Kurt Bevacqua,Right Handed,72,180,0.236,27,24,Normal
Syd O'Brien,Right Handed,73,185,0.23,24,24,Normal
Chris Chambliss,Left Handed,73,195,0.279,185,26,Overweight
Tom Satriano,Left Handed,73,185,0.225,21,24,Normal
Jeffrey Leonard,Right Handed,74,200,0.266,144,26,Overweight
Dal Maxvill,Right Handed,71,157,0.217,6,22,Normal
Cesar Tovar,Right Handed,69,155,0.278,46,23,Normal
Mickey Lolich,Both Handed,73,170,0.11,0,22,Normal
Jack Heidemann,Right Handed,72,175,0.211,9,24,Normal
Rich Rollins,Right Handed,70,185,0.269,77,27,Overweight
Walt Bond,Left Handed,79,228,0.256,41,26,Overweight
Merv Rettenmund,Right Handed,70,190,0.271,66,27,Overweight
Byron Browne,Right Handed,74,190,0.236,30,24,Normal
Hector Torres,Right Handed,72,175,0.216,18,24,Normal
Walt Williams,Right Handed,66,165,0.27,33,27,Overweight
Jerry Koosman,Right Handed,74,205,0.119,2,26,Overweight
Steve Lombardozzi,Right Handed,72,175,0.233,20,24,Normal
Joe Azcue,Right Handed,72,190,0.252,50,26,Overweight
Elliott Maddox,Right Handed,71,180,0.261,18,25,Overweight
Omar Moreno,Left Handed,74,180,0.252,37,23,Normal
Julian Javier,Right Handed,73,175,0.257,78,23,Normal
Elio Chacon,Right Handed,69,160,0.232,4,24,Normal
Rusty Torres,Both Handed,70,175,0.212,35,25,Overweight
John Stearns,Right Handed,72,185,0.26,46,25,Overweight
Larry Brown,Right Handed,70,160,0.233,47,23,Normal
Tommy Dean,Right Handed,72,165,0.18,4,22,Normal
Marty Martinez,Both Handed,72,170,0.243,0,23,Normal
Bruce Boisclair,Left Handed,74,185,0.263,10,24,Normal
Ken Singleton,Both Handed,76,210,0.282,246,26,Overweight
Frank White,Right Handed,71,165,0.255,160,23,Normal
Jim Fairey,Left Handed,70,190,0.235,7,27,Overweight
Tom Brookens,Right Handed,70,165,0.246,71,24,Normal
Gary Thomasson,Left Handed,73,180,0.249,61,24,Normal
Otto Velez,Right Handed,72,170,0.251,78,23,Normal
Tony Scott,Both Handed,72,164,0.249,17,22,Normal
Ray Oyler,Right Handed,71,165,0.175,15,23,Normal
Floyd Robinson,Left Handed,69,175,0.283,67,26,Overweight
Steve Jeltz,Both Handed,71,180,0.21,5,25,Overweight
Lou Brock,Left Handed,71,170,0.293,149,24,Normal
Joe Lovitto,Both Handed,72,185,0.216,4,25,Overweight
Wayne Comer,Right Handed,70,175,0.229,16,25,Overweight
Dave Collins,Both Handed,71,175,0.272,32,24,Normal
Ed Spiezio,Right Handed,71,180,0.238,39,25,Overweight
Rico Petrocelli,Right Handed,72,175,0.251,210,24,Normal
Johnny Lewis,Left Handed,73,189,0.227,22,25,Overweight
Dick Simpson,Right Handed,76,176,0.207,15,21,Normal
Ken Boswell,Left Handed,72,170,0.248,31,23,Normal
Ken McMullen,Right Handed,75,190,0.248,156,24,Normal
Steve Swisher,Right Handed,74,205,0.216,20,26,Overweight
Dick Howser,Right Handed,68,155,0.248,16,24,Normal
Manny Castillo,Both Handed,69,160,0.242,3,24,Normal
Mike Ramsey,Both Handed,73,170,0.24,2,22,Normal
Willie Crawford,Left Handed,73,197,0.268,86,26,Overweight
Willie Norwood,Right Handed,72,185,0.242,18,25,Overweight
Jeff Stone,Left Handed,72,175,0.277,11,24,Normal
Joe Lahoud,Left Handed,73,198,0.223,65,26,Overweight
Tim Flannery,Left Handed,71,175,0.255,9,24,Normal
Dave McKay,Both Handed,73,195,0.229,21,26,Overweight
Benny Ayala,Right Handed,73,185,0.251,38,24,Normal
Greg Gross,Left Handed,70,160,0.287,7,23,Normal
Sal Butera,Right Handed,72,190,0.227,8,26,Overweight
Jack Brohamer,Left Handed,70,165,0.245,30,24,Normal
Von Joshua,Left Handed,70,170,0.273,30,24,Normal
Eddie Milner,Left Handed,71,173,0.253,42,24,Normal
Johnny Jeter,Right Handed,73,180,0.244,18,24,Normal
Angel Salazar,Right Handed,72,180,0.212,2,24,Normal
Tony Oliva,Left Handed,73,175,0.304,220,23,Normal
Cito Gaston,Right Handed,75,190,0.256,91,24,Normal
Cookie Rojas,Right Handed,70,160,0.263,54,23,Normal
Rich Morales,Right Handed,71,170,0.195,6,24,Normal
Dan Ford,Right Handed,73,185,0.27,121,24,Normal
Darryl Motley,Right Handed,69,196,0.243,44,29,Overweight
Ozzie Virgil,Right Handed,73,180,0.243,98,24,Normal
Johnny Oates,Left Handed,71,188,0.25,14,26,Overweight
Mike Phillips,Left Handed,72,170,0.24,11,23,Normal
Ron Santo,Right Handed,72,190,0.277,342,26,Overweight
Jay Johnstone,Left Handed,73,175,0.267,102,23,Normal
Jim Ray Hart,Right Handed,71,185,0.278,170,26,Overweight
Marc Hill,Right Handed,75,205,0.223,34,26,Overweight
Chico Salmon,Right Handed,70,160,0.249,31,23,Normal
Joe Niekro,Right Handed,73,185,0.156,1,24,Normal
Andy Etchebarren,Right Handed,73,190,0.235,49,25,Overweight
Ken Berry,Right Handed,72,175,0.255,58,24,Normal
Dave Concepcion,Right Handed,74,155,0.267,101,20,Normal
Junior Moore,Right Handed,71,185,0.264,7,26,Overweight
Mike Richardt,Right Handed,72,170,0.226,4,23,Normal
Chris Brown,Right Handed,72,185,0.269,38,25,Overweight
Al Bumbry,Left Handed,68,170,0.281,54,26,Overweight
Al Downing,Right Handed,71,175,0.127,2,24,Normal
Bob Didier,Both Handed,72,190,0.229,0,26,Overweight
Jake Gibbs,Left Handed,72,180,0.233,25,24,Normal
Garry Hancock,Left Handed,72,175,0.247,12,24,Normal
Ed Kranepool,Left Handed,75,205,0.261,118,26,Overweight
Rick Rhoden,Right Handed,75,195,0.238,9,24,Normal
Denny McLain,Right Handed,73,185,0.133,1,24,Normal
Chuck Hiller,Left Handed,71,170,0.243,20,24,Normal
Jorge Orta,Left Handed,70,170,0.278,130,24,Normal
Dave Cash,Right Handed,71,170,0.283,21,24,Normal
Bucky Dent,Right Handed,69,170,0.247,40,25,Overweight
Tony Gonzalez,Left Handed,69,170,0.286,103,25,Overweight
Larry Haney,Right Handed,74,195,0.215,12,25,Overweight
Billy Conigliaro,Right Handed,72,180,0.256,40,24,Normal
Gary Roenicke,Right Handed,75,205,0.247,121,26,Overweight
Don Lock,Right Handed,74,195,0.238,122,25,Overweight
Billy Cowan,Right Handed,72,170,0.236,40,23,Normal
Billy Smith,Both Handed,74,185,0.23,17,24,Normal
Tony Perez,Right Handed,74,175,0.279,379,22,Normal
Chuck Schilling,Right Handed,70,160,0.239,23,23,Normal
Hal McRae,Right Handed,71,180,0.29,191,25,Overweight
Dave Roberts,Right Handed,75,215,0.239,49,27,Overweight
Jim Lefebvre,Both Handed,72,180,0.251,74,24,Normal
Charlie Spikes,Right Handed,75,215,0.246,65,27,Overweight
Steve Whitaker,Left Handed,72,180,0.23,24,24,Normal
Manny Jimenez,Left Handed,73,185,0.272,26,24,Normal
Duffy Dyer,Right Handed,72,187,0.221,30,25,Overweight
Ken Henderson,Both Handed,74,180,0.257,122,23,Normal
Vern Fuller,Right Handed,73,170,0.232,14,22,Normal
Wayne Gross,Left Handed,74,210,0.233,121,27,Overweight
Mike Champion,Right Handed,72,185,0.229,2,25,Overweight
Paul Casanova,Right Handed,76,180,0.225,50,22,Normal
Steve Rogers,Right Handed,74,175,0.138,0,22,Normal
Terry Crowley,Left Handed,72,180,0.25,42,24,Normal
Horace Clarke,Both Handed,69,170,0.256,27,25,Overweight
Lou Clinton,Right Handed,73,185,0.247,65,24,Normal
Larry Cox,Right Handed,70,178,0.221,12,26,Overweight
Nate Colbert,Right Handed,74,190,0.243,173,24,Normal
Phil Roof,Right Handed,74,190,0.215,43,24,Normal
Chuck Hinton,Right Handed,73,180,0.264,113,24,Normal
Tim Cullen,Right Handed,73,185,0.22,9,24,Normal
Tim Harkness,Left Handed,74,182,0.235,14,23,Normal
Rick Bosetti,Right Handed,71,185,0.25,17,26,Overweight
Ron Pruitt,Right Handed,72,185,0.269,12,25,Overweight
George Foster,Right Handed,73,180,0.274,348,24,Normal
Jerry White,Both Handed,70,164,0.253,21,24,Normal
Angel Mangual,Right Handed,70,178,0.245,22,26,Overweight
Ken Gerhart,Right Handed,72,190,0.221,24,26,Overweight
Mike Hershberger,Right Handed,70,175,0.252,26,25,Overweight
Jim French,Left Handed,68,180,0.196,5,27,Overweight
Dave Roberts,Left Handed,75,195,0.194,7,24,Normal
Jim Mason,Left Handed,74,185,0.203,12,24,Normal
Willie Smith,Left Handed,72,182,0.248,46,25,Overweight
Jose Arcia,Right Handed,75,170,0.215,1,21,Normal
Leon Durham,Left Handed,73,185,0.277,147,24,Normal
Paul Householder,Both Handed,72,180,0.236,29,24,Normal
Aurelio Rodriguez,Right Handed,70,180,0.237,124,26,Overweight
Jimmy Stewart,Both Handed,72,165,0.237,8,22,Normal
Dick Phillips,Left Handed,72,180,0.229,12,24,Normal
Andres Thomas,Right Handed,73,170,0.234,42,22,Normal
Ed Crosby,Left Handed,74,175,0.22,0,22,Normal
Mike de la Hoz,Right Handed,71,175,0.251,25,24,Normal
Frank Taveras,Right Handed,72,155,0.255,2,21,Normal
Joe Nossek,Right Handed,72,178,0.228,3,24,Normal
Larry Stahl,Left Handed,72,175,0.232,36,24,Normal
Jose Cruz,Left Handed,72,170,0.284,165,23,Normal
Don Mason,Left Handed,71,160,0.205,3,22,Normal
Bill Robinson,Right Handed,74,189,0.258,166,24,Normal
Sal Bando,Right Handed,72,195,0.254,242,26,Overweight
George Mitterwald,Right Handed,74,195,0.236,76,25,Overweight
Craig Robinson,Right Handed,70,165,0.219,0,24,Normal
Bob Tillman,Right Handed,76,205,0.232,79,25,Overweight
Pat Corrales,Right Handed,72,180,0.216,4,24,Normal
Mike Tyson,Right Handed,69,170,0.241,27,25,Overweight
Rafael Landestoy,Both Handed,70,165,0.237,4,24,Normal
Duane Josephson,Right Handed,72,190,0.258,23,26,Overweight
Duane Walker,Left Handed,72,185,0.229,24,25,Overweight
Glenn Hubbard,Right Handed,69,150,0.244,70,22,Normal
Roger Freed,Right Handed,72,190,0.245,22,26,Overweight
George Hendrick,Right Handed,75,195,0.278,267,24,Normal
Rod Carew,Left Handed,72,170,0.328,92,23,Normal
Bob Davis,Right Handed,72,180,0.197,6,24,Normal
Toby Harrah,Right Handed,72,175,0.264,195,24,Normal
Rick Manning,Left Handed,73,180,0.257,56,24,Normal
Gary Matthews,Right Handed,74,185,0.281,234,24,Normal
Cesar Geronimo,Left Handed,72,165,0.258,51,22,Normal
Billy Bryan,Left Handed,76,200,0.216,41,24,Normal
Terry Whitfield,Left Handed,73,197,0.281,33,26,Overweight
Mario Mendoza,Right Handed,71,170,0.215,4,24,Normal
Fred Lynn,Left Handed,73,185,0.283,306,24,Normal
Larry Hisle,Right Handed,74,193,0.273,166,25,Overweight
Graig Nettles,Left Handed,72,180,0.248,390,24,Normal
Dave Engle,Right Handed,75,210,0.262,31,26,Overweight
Mike Easler,Left Handed,72,190,0.293,118,26,Overweight
Rick Sweet,Both Handed,73,200,0.234,6,26,Overweight
Thurman Munson,Right Handed,71,190,0.292,113,26,Overweight
Rick Monday,Left Handed,75,193,0.264,241,24,Normal
Mike Sadek,Right Handed,69,165,0.226,5,24,Normal
Mark Belanger,Right Handed,73,170,0.228,20,22,Normal
Ron Hunt,Right Handed,72,186,0.273,39,25,Overweight
Joe Keough,Left Handed,72,185,0.246,9,25,Overweight
Vic Correll,Right Handed,70,185,0.229,29,27,Overweight
Jackie Hernandez,Right Handed,71,165,0.208,12,23,Normal
Tony Solaita,Left Handed,72,210,0.255,50,28,Overweight
U L Washington,Both Handed,71,175,0.251,27,24,Normal
Joe Foy,Right Handed,72,215,0.248,58,29,Overweight
Ed Goodson,Left Handed,75,180,0.26,30,22,Normal
Mickey Klutts,Right Handed,71,170,0.241,14,24,Normal
Leroy Stanton,Right Handed,73,195,0.244,77,26,Overweight
Danny Ainge,Right Handed,76,175,0.22,2,21,Normal
Adolfo Phillips,Right Handed,73,175,0.247,59,23,Normal
Marv Breeding,Right Handed,72,175,0.25,7,24,Normal
Dick McAuliffe,Left Handed,71,176,0.247,197,25,Overweight
Joe Horlen,Right Handed,72,170,0.134,0,23,Normal
Glenn Burke,Right Handed,72,195,0.237,2,26,Overweight
Terry Humphrey,Right Handed,75,185,0.211,6,23,Normal
Enzo Hernandez,Right Handed,68,155,0.224,2,24,Normal
Cesar Gutierrez,Right Handed,69,155,0.235,0,23,Normal
Coco Laboy,Right Handed,70,165,0.233,28,24,Normal
Ted Kubiak,Both Handed,72,175,0.231,13,24,Normal
Jim Morrison,Right Handed,71,175,0.26,112,24,Normal
Bobby Knoop,Right Handed,73,170,0.236,56,22,Normal
Bobby Brown,Both Handed,74,190,0.245,26,24,Normal
Tom Hutton,Left Handed,71,180,0.248,22,25,Overweight
Ron Hodges,Left Handed,73,185,0.24,19,24,Normal
Rich Chiles,Left Handed,71,170,0.254,6,24,Normal
Tom Paciorek,Right Handed,76,215,0.282,86,26,Overweight
Gary Woods,Right Handed,74,185,0.243,13,24,Normal
Bob Montgomery,Right Handed,73,195,0.258,23,26,Overweight
Jeff Burroughs,Right Handed,73,200,0.261,240,26,Overweight
Rusty Staub,Left Handed,74,190,0.279,292,24,Normal
Jim Norris,Left Handed,70,175,0.264,7,25,Overweight
Oscar Gamble,Left Handed,71,160,0.265,200,22,Normal
George Vukovich,Left Handed,72,198,0.268,27,27,Overweight
Craig Reynolds,Left Handed,73,175,0.256,42,23,Normal
Paul Blair,Right Handed,72,168,0.25,134,23,Normal
Al Cowens,Right Handed,73,197,0.27,108,26,Overweight
Al Oliver,Left Handed,72,195,0.303,219,26,Overweight
Dave Hilton,Right Handed,71,191,0.213,6,27,Overweight
Luis Alvarado,Right Handed,69,162,0.214,5,24,Normal
Larry Parrish,Right Handed,75,190,0.263,256,24,Normal
Woodie Fryman,Right Handed,75,197,0.138,2,25,Overweight
Bob Randall,Right Handed,74,175,0.257,1,22,Normal
Jim Pankovits,Right Handed,70,170,0.25,9,24,Normal
Carmen Fanzone,Right Handed,72,200,0.224,20,27,Overweight
Gary Allenson,Right Handed,71,185,0.221,19,26,Overweight
Milt May,Left Handed,72,190,0.263,77,26,Overweight
Mike Vail,Right Handed,73,180,0.279,34,24,Normal
Nick Esasky,Right Handed,75,200,0.25,122,25,Overweight
Jim Nettles,Left Handed,72,186,0.22,16,25,Overweight
Chris Cannizzaro,Right Handed,72,190,0.235,18,26,Overweight
Larry Biittner,Left Handed,74,205,0.273,29,26,Overweight
Mel Stottlemyre,Right Handed,73,178,0.16,7,23,Normal
Roy Smalley,Both Handed,73,185,0.257,163,24,Normal
Andy Messersmith,Right Handed,73,200,0.17,5,26,Overweight
Richie Zisk,Right Handed,73,200,0.287,207,26,Overweight
Dave Chalk,Right Handed,70,175,0.252,15,25,Overweight
Don Baylor,Right Handed,73,190,0.26,338,25,Overweight
John Vukovich,Right Handed,73,187,0.161,6,25,Overweight
Danny Thompson,Right Handed,72,183,0.248,15,25,Overweight
Joe Simpson,Left Handed,75,175,0.242,9,22,Normal
Bill Fahey,Left Handed,72,200,0.241,7,27,Overweight
Doug Camilli,Right Handed,71,195,0.199,18,27,Overweight
Bernie Allen,Left Handed,72,175,0.239,73,24,Normal
Bruce Bochy,Right Handed,75,205,0.239,26,26,Overweight
Claudell Washington,Left Handed,72,190,0.278,164,26,Overweight
John Donaldson,Left Handed,71,160,0.238,4,22,Normal
John Mayberry,Left Handed,75,215,0.253,255,27,Overweight
Ken Reitz,Right Handed,72,180,0.26,68,24,Normal
Amos Otis,Right Handed,71,165,0.277,193,23,Normal
Gene Alley,Right Handed,70,160,0.254,55,23,Normal
Ted Sizemore,Right Handed,70,165,0.262,23,24,Normal
Dan Briggs,Left Handed,72,180,0.195,12,24,Normal
Doug Flynn,Right Handed,71,165,0.238,7,23,Normal
Ken Holtzman,Right Handed,74,175,0.163,2,22,Normal
Pete Ward,Left Handed,73,185,0.254,98,24,Normal
Kevin Bell,Right Handed,72,195,0.222,13,26,Overweight
Tom Nieto,Right Handed,73,193,0.205,5,25,Overweight
Duke Sims,Left Handed,74,197,0.239,100,25,Overweight
Larvell Blanks,Right Handed,68,167,0.253,20,25,Overweight
Mike Davis,Left Handed,74,175,0.259,91,22,Normal
Jerry Reuss,Left Handed,77,200,0.167,1,24,Normal
Steve Yeager,Right Handed,72,190,0.228,102,26,Overweight
Danny Goodwin,Left Handed,73,195,0.236,13,26,Overweight
Bud Harrelson,Both Handed,71,160,0.236,7,22,Normal
Bob Knepper,Left Handed,75,195,0.137,6,24,Normal
Mickey Rivers,Left Handed,70,165,0.295,61,24,Normal
Jim Northrup,Left Handed,75,190,0.267,153,24,Normal
John Hale,Left Handed,74,195,0.201,14,25,Overweight
Pedro Garcia,Right Handed,70,175,0.22,37,25,Overweight
Carl Yastrzemski,Left Handed,71,175,0.285,452,24,Normal
Derrel Thomas,Both Handed,72,160,0.249,43,22,Normal
Art Howe,Right Handed,74,190,0.26,43,24,Normal
Ike Brown,Right Handed,72,190,0.256,20,26,Overweight
Howie Goss,Right Handed,76,204,0.216,11,25,Overweight
Glenn Borgmann,Right Handed,76,210,0.229,16,26,Overweight
Lamar Johnson,Right Handed,74,215,0.287,64,28,Overweight
Julio Gonzalez,Right Handed,71,162,0.235,4,23,Normal
Bobby Klaus,Right Handed,70,170,0.208,6,24,Normal
Manny Sanguillen,Right Handed,72,193,0.296,65,26,Overweight
Gates Brown,Left Handed,71,220,0.257,84,31,Overweight
Johnny Ray,Both Handed,71,170,0.29,53,24,Normal
Jesus Alou,Right Handed,74,190,0.28,32,24,Normal
Ken Landreaux,Left Handed,70,165,0.268,91,24,Normal
Enos Cabell,Right Handed,76,170,0.277,60,21,Normal
Billy North,Both Handed,71,185,0.261,20,26,Overweight
Juan Beniquez,Right Handed,71,150,0.274,79,21,Normal
Frank Fernandez,Right Handed,72,185,0.199,39,25,Overweight
Bombo Rivera,Right Handed,70,187,0.265,10,27,Overweight
Steve Brye,Right Handed,72,190,0.258,30,26,Overweight
Ron Jackson,Right Handed,72,200,0.259,56,27,Overweight
Roger Metzger,Both Handed,72,165,0.231,5,22,Normal
Rufino Linares,Right Handed,72,170,0.27,11,23,Normal
Ray Webster,Left Handed,72,185,0.244,17,25,Overweight
Bob Kearney,Right Handed,72,190,0.233,27,26,Overweight
Fergie Jenkins,Right Handed,77,205,0.165,13,24,Normal
Dick Dietz,Right Handed,73,195,0.261,66,26,Overweight
Ted Cox,Right Handed,75,195,0.245,10,24,Normal
Bobby Mitchell,Left Handed,70,170,0.243,3,24,Normal
Bobby Mitchell,Right Handed,75,185,0.235,21,23,Normal
Barry Evans,Right Handed,73,180,0.251,2,24,Normal
Mickey Brantley,Right Handed,70,180,0.259,32,26,Overweight
Al Gallagher,Right Handed,72,180,0.263,11,24,Normal
Hector Cruz,Right Handed,71,170,0.225,39,24,Normal
Fred Norman,Both Handed,68,155,0.125,0,24,Normal
Woody Woodward,Right Handed,74,180,0.236,1,23,Normal
Ted Martinez,Right Handed,72,165,0.24,7,22,Normal
Jim Anderson,Right Handed,72,170,0.218,13,23,Normal
Lenn Sakata,Right Handed,69,160,0.23,25,24,Normal
Dave Duncan,Right Handed,74,190,0.214,109,24,Normal
Randy Jones,Right Handed,72,178,0.132,0,24,Normal
Dick Billings,Right Handed,73,195,0.227,16,26,Overweight
Bruce Bochte,Left Handed,75,195,0.282,100,24,Normal
Bernie Carbo,Left Handed,71,173,0.264,96,24,Normal
Vic Davalillo,Left Handed,67,150,0.279,36,23,Normal
Burt Hooton,Right Handed,73,210,0.123,4,28,Overweight
Fernando Gonzalez,Right Handed,70,165,0.235,17,24,Normal
Jim Sundberg,Right Handed,72,190,0.248,95,26,Overweight
Andy Kosco,Right Handed,75,205,0.236,73,26,Overweight
Steve Huntz,Both Handed,73,204,0.206,16,27,Overweight
Lenny Faedo,Right Handed,72,170,0.251,5,23,Normal
John Lowenstein,Left Handed,72,175,0.253,116,24,Normal
Don Kessinger,Both Handed,73,170,0.252,14,22,Normal
Joe Hague,Left Handed,72,195,0.239,40,26,Overweight
Bake McBride,Left Handed,74,190,0.299,63,24,Normal
Dick Davis,Right Handed,75,190,0.265,27,24,Normal
Richie Scheinblum,Both Handed,73,180,0.263,13,24,Normal
Ed Herrmann,Left Handed,73,195,0.24,80,26,Overweight
Bob Molinaro,Left Handed,72,190,0.264,14,26,Overweight
Mike Hegan,Left Handed,73,188,0.242,53,25,Overweight
Mike Diaz,Right Handed,74,195,0.247,31,25,Overweight
Tim Foli,Right Handed,72,179,0.251,25,24,Normal
Alan Knicely,Right Handed,72,190,0.213,12,26,Overweight
Tim Laudner,Right Handed,75,212,0.225,77,26,Overweight
Jose Morales,Right Handed,71,187,0.287,26,26,Overweight
Juan Marichal,Right Handed,72,185,0.165,4,25,Overweight
Vida Blue,Both Handed,72,189,0.104,4,26,Overweight
Stan Papi,Right Handed,72,170,0.218,7,23,Normal
Rob Wilfong,Left Handed,73,180,0.248,39,24,Normal
Steve Henderson,Right Handed,74,190,0.28,68,24,Normal
Rob Picciolo,Right Handed,74,185,0.234,17,24,Normal
Roberto Pena,Right Handed,68,170,0.245,13,26,Overweight
Bob Dernier,Right Handed,72,160,0.255,23,22,Normal
Bill Melton,Right Handed,74,200,0.253,160,26,Overweight
Albert Hall,Both Handed,71,155,0.251,5,22,Normal
Barbaro Garbey,Right Handed,70,170,0.267,11,24,Normal
John Milner,Left Handed,72,185,0.249,131,25,Overweight
Rich Reese,Left Handed,75,185,0.253,52,23,Normal
Chris Bando,Both Handed,72,195,0.227,27,26,Overweight
Bill Buckner,Left Handed,72,185,0.289,174,25,Overweight
Jack Hiatt,Right Handed,74,190,0.251,22,24,Normal
Nelson Mathews,Right Handed,76,195,0.223,22,24,Normal
Larry Lintz,Both Handed,69,150,0.227,0,22,Normal
Ron Theobald,Right Handed,68,165,0.248,2,25,Overweight
Rafael Santana,Right Handed,73,165,0.246,13,22,Normal
Jerry Hairston,Both Handed,70,170,0.258,30,24,Normal
Tommie Aaron,Right Handed,75,190,0.229,13,24,Normal
Steve Dillard,Right Handed,73,180,0.243,13,24,Normal
George Scott,Right Handed,74,200,0.268,271,26,Overweight
Ken Walters,Right Handed,73,180,0.231,11,24,Normal
Gorman Thomas,Right Handed,74,210,0.225,268,27,Overweight
Paul Dade,Right Handed,73,185,0.27,10,24,Normal
Darrell Porter,Left Handed,72,193,0.247,188,26,Overweight
Tim Johnson,Left Handed,73,170,0.223,0,22,Normal
Fred Stanley,Right Handed,70,165,0.216,10,24,Normal
Larry Bowa,Both Handed,70,155,0.26,15,22,Normal
Tim Corcoran,Left Handed,71,175,0.27,12,24,Normal
Jim Spencer,Left Handed,74,195,0.25,146,25,Overweight
Pete LaCock,Left Handed,74,200,0.257,27,26,Overweight
Carl Morton,Right Handed,72,200,0.156,7,27,Overweight
Gary Gray,Right Handed,72,187,0.24,24,25,Overweight
Matty Alou,Left Handed,69,160,0.307,31,24,Normal
Jim Dwyer,Left Handed,70,165,0.26,77,24,Normal
Dalton Jones,Left Handed,73,180,0.235,41,24,Normal
Rennie Stennett,Right Handed,71,160,0.274,41,22,Normal
Jerry May,Right Handed,74,190,0.234,15,24,Normal
Rich McKinney,Right Handed,71,185,0.225,20,26,Overweight
Clint Hurdle,Left Handed,75,195,0.259,32,24,Normal
Mike Andrews,Right Handed,75,195,0.258,66,24,Normal
Bobby Clark,Right Handed,72,190,0.239,19,26,Overweight
Cliff Johnson,Right Handed,76,215,0.258,196,26,Overweight
Donn Clendenon,Right Handed,76,209,0.274,159,25,Overweight
Charlie James,Right Handed,73,195,0.255,29,26,Overweight
Bob Horner,Right Handed,73,195,0.277,218,26,Overweight
Tom Veryzer,Right Handed,73,175,0.241,14,23,Normal
George Smith,Right Handed,70,170,0.205,9,24,Normal
Jim Essian,Right Handed,74,195,0.244,33,25,Overweight
Onix Concepcion,Right Handed,66,160,0.239,3,26,Overweight
Boots Day,Left Handed,69,160,0.256,8,24,Normal
Brian Giles,Right Handed,73,165,0.228,10,22,Normal
Garry Maddox,Right Handed,75,175,0.285,117,22,Normal
Alex Trevino,Right Handed,70,165,0.249,23,24,Normal
Jim Price,Right Handed,72,192,0.214,18,26,Overweight
Felix Millan,Right Handed,71,172,0.279,22,24,Normal
Steve Garvey,Right Handed,70,192,0.294,272,28,Overweight
Don Mincher,Left Handed,75,205,0.249,200,26,Overweight
Tony Cloninger,Right Handed,72,210,0.192,11,28,Overweight
Jim Gosger,Left Handed,71,185,0.226,30,26,Overweight
Chuck Harrison,Right Handed,70,185,0.238,17,27,Overweight
Mike Ivie,Right Handed,75,205,0.269,81,26,Overweight
Bob Veale,Both Handed,78,212,0.114,0,24,Normal
Marvell Wynne,Left Handed,71,175,0.247,40,24,Normal
Dusty Baker,Right Handed,74,183,0.278,242,23,Normal
Tucker Ashford,Right Handed,73,195,0.218,6,26,Overweight
Ned Yost,Right Handed,73,190,0.212,16,25,Overweight
Bob Stinson,Both Handed,71,180,0.25,33,25,Overweight
Gaylord Perry,Right Handed,76,205,0.131,6,25,Overweight
Dave Marshall,Left Handed,73,182,0.246,16,24,Normal
Mickey Hatcher,Right Handed,74,200,0.28,38,26,Overweight
Roger Repoz,Left Handed,75,190,0.224,82,24,Normal
John Orsino,Right Handed,75,215,0.249,40,27,Overweight
Johnny Briggs,Left Handed,73,190,0.253,139,25,Overweight
Dave Hostetler,Right Handed,76,215,0.229,37,26,Overweight
Bob Jones,Left Handed,74,195,0.221,20,25,Overweight
Keith Hernandez,Left Handed,72,180,0.296,162,24,Normal
Dean Chance,Right Handed,75,200,0.066,0,25,Overweight
Willie Upshaw,Left Handed,72,185,0.262,123,25,Overweight
Dick Green,Right Handed,70,180,0.24,80,26,Overweight
Dane Iorg,Left Handed,72,180,0.276,14,24,Normal
Richie Hebner,Left Handed,73,195,0.276,203,26,Overweight
Fran Healy,Right Handed,77,220,0.25,20,26,Overweight
Doc Edwards,Right Handed,74,215,0.238,15,28,Overweight
Sandy Alomar,Both Handed,69,140,0.245,13,21,Normal
Joe Strain,Right Handed,70,169,0.25,1,24,Normal
Gene Richards,Left Handed,72,175,0.29,26,24,Normal
Buddy Bell,Right Handed,73,180,0.279,201,24,Normal
Al Woods,Left Handed,75,190,0.271,35,24,Normal
Rudy Law,Left Handed,73,165,0.271,18,22,Normal
Jody Davis,Right Handed,76,192,0.245,127,23,Normal
Mike Edwards,Right Handed,70,154,0.25,2,22,Normal
Deron Johnson,Right Handed,74,200,0.244,245,26,Overweight
John Denny,Right Handed,75,185,0.17,0,23,Normal
Don Wert,Right Handed,70,162,0.242,77,23,Normal
Mike Fiore,Left Handed,72,175,0.227,13,24,Normal
Miguel Dilone,Both Handed,72,160,0.265,6,22,Normal
Greg Luzinski,Right Handed,73,220,0.276,307,29,Overweight
Bobby Tolan,Left Handed,71,170,0.265,86,24,Normal
Ron Woods,Right Handed,70,168,0.233,26,24,Normal
Tony Horton,Right Handed,75,210,0.268,76,26,Overweight
Randy Hundley,Right Handed,71,170,0.236,82,24,Normal
Jose Tartabull,Left Handed,71,165,0.261,2,23,Normal
Ben Oglivie,Left Handed,74,160,0.273,235,21,Normal
Bob Johnson,Right Handed,70,175,0.272,44,25,Overweight
Don Buford,Both Handed,67,160,0.264,93,25,Overweight
Duane Kuiper,Left Handed,72,175,0.271,1,24,Normal
Brant Alyea,Right Handed,75,215,0.247,38,27,Overweight
Jerry Narron,Left Handed,75,205,0.211,21,26,Overweight
Lou Johnson,Right Handed,71,170,0.258,48,24,Normal
Ken Retzer,Left Handed,72,185,0.264,14,25,Overweight
Mike Brown,Right Handed,74,195,0.265,23,25,Overweight
Greg Walker,Left Handed,75,205,0.26,113,26,Overweight
Terry Harper,Right Handed,76,195,0.253,36,24,Normal
Jerry Royster,Right Handed,72,165,0.249,40,22,Normal
Barry Bonnell,Right Handed,75,190,0.272,56,24,Normal
Tom Seaver,Right Handed,73,195,0.154,12,26,Overweight
Jerry Martin,Right Handed,73,195,0.251,85,26,Overweight
Bill Stein,Right Handed,70,170,0.267,44,24,Normal
Joel Youngblood,Right Handed,72,180,0.265,80,24,Normal
Reggie Jackson,Left Handed,72,195,0.262,563,26,Overweight
Sonny Jackson,Left Handed,69,150,0.251,7,22,Normal
Rodney Scott,Both Handed,72,160,0.236,3,22,Normal
Rich Coggins,Left Handed,68,170,0.265,12,26,Overweight
Phil Gagliano,Right Handed,73,180,0.238,14,24,Normal
Jerry McNertney,Right Handed,72,180,0.237,27,24,Normal
Mitchell Page,Left Handed,74,205,0.266,72,26,Overweight
Kiko Garcia,Right Handed,71,180,0.239,12,25,Overweight
Larry Milbourne,Both Handed,72,161,0.254,11,22,Normal
Bill Sudakis,Both Handed,73,190,0.234,59,25,Overweight
Domingo Ramos,Right Handed,70,154,0.24,8,22,Normal
Ron Oester,Both Handed,74,185,0.265,42,24,Normal
Glenn Adams,Left Handed,73,180,0.28,34,24,Normal
Joe Morgan,Left Handed,67,160,0.271,268,25,Overweight
R.J. Reynolds,Both Handed,72,190,0.267,35,26,Overweight
Lee Thomas,Left Handed,74,195,0.255,106,25,Overweight
Ray Fosse,Right Handed,74,215,0.256,61,28,Overweight
Paul Popovich,Both Handed,72,175,0.233,14,24,Normal
John Stephenson,Left Handed,71,180,0.216,12,25,Overweight
Doug Clemens,Left Handed,72,180,0.229,12,24,Normal
Orlando Mercado,Right Handed,72,180,0.199,7,24,Normal
Charley Smith,Right Handed,73,170,0.239,69,22,Normal
Buddy Biancalana,Both Handed,71,160,0.205,6,22,Normal
Bob Uecker,Right Handed,73,190,0.2,14,25,Overweight
Felix Torres,Right Handed,71,165,0.254,27,23,Normal
Steve Braun,Left Handed,70,180,0.271,52,26,Overweight
Ray Knight,Right Handed,73,185,0.271,84,24,Normal
Ty Cline,Left Handed,72,170,0.238,6,23,Normal
Thad Bosley,Left Handed,75,175,0.272,20,22,Normal
Bobby Grich,Right Handed,74,180,0.266,224,23,Normal
Jimmie Hall,Left Handed,72,175,0.254,121,24,Normal
John Boccabella,Right Handed,73,195,0.219,26,26,Overweight
Brock Davis,Left Handed,70,160,0.26,1,23,Normal
Curt Blefary,Left Handed,74,195,0.237,112,25,Overweight
Mack Jones,Left Handed,73,180,0.252,133,24,Normal
Buddy Bradford,Right Handed,71,170,0.226,52,24,Normal
Hosken Powell,Left Handed,73,175,0.259,17,23,Normal
Dave Stapleton,Right Handed,73,178,0.271,41,23,Normal
Gary Ward,Right Handed,74,195,0.276,130,25,Overweight
Jim Lonborg,Right Handed,77,200,0.136,3,24,Normal
Joe Lis,Right Handed,72,175,0.233,32,24,Normal
Dan Meyer,Left Handed,71,180,0.253,86,25,Overweight
Jim Holt,Left Handed,72,180,0.265,19,24,Normal
Larry Herndon,Right Handed,75,190,0.274,107,24,Normal
Wallace Johnson,Both Handed,72,173,0.255,5,23,Normal
Eddie Leon,Right Handed,72,170,0.236,24,23,Normal
Jim Wohlford,Right Handed,71,175,0.26,21,24,Normal
J.R. Richard,Right Handed,80,222,0.168,10,24,Normal
Bill Voss,Left Handed,74,160,0.227,19,21,Normal
Keith Moreland,Right Handed,72,190,0.279,121,26,Overweight
Alex Johnson,Right Handed,72,205,0.288,78,28,Overweight
Wayne Krenchicki,Left Handed,73,180,0.266,15,24,Normal
Dave Rosello,Right Handed,71,160,0.236,10,22,Normal
Paul Schaal,Right Handed,71,165,0.244,57,23,Normal
Tito Landrum,Right Handed,71,175,0.249,13,24,Normal
Dave Edwards,Right Handed,72,170,0.237,14,23,Normal
Mario Guerrero,Right Handed,70,155,0.257,7,22,Normal
Tom Tresh,Both Handed,73,180,0.245,153,24,Normal
Ron Roenicke,Both Handed,72,180,0.238,17,24,Normal
Doug Griffin,Right Handed,72,160,0.245,7,22,Normal
Steve Blass,Right Handed,72,165,0.172,1,22,Normal
Johnnie LeMaster,Right Handed,74,165,0.222,22,21,Normal
Nate Oliver,Right Handed,70,160,0.226,2,23,Normal
Ray Sadecki,Left Handed,71,180,0.191,5,25,Overweight
Ken Rudolph,Right Handed,73,180,0.213,6,24,Normal
Wayne Nordhagen,Right Handed,74,205,0.282,39,26,Overweight
Biff Pocoroba,Both Handed,70,175,0.257,21,25,Overweight
Len Matuszek,Left Handed,74,190,0.234,30,24,Normal
Joe Lefebvre,Left Handed,70,170,0.258,31,24,Normal
Jim Maloney,Left Handed,74,190,0.201,7,24,Normal
Andre Robertson,Right Handed,70,155,0.251,5,22,Normal
Jerry Zimmerman,Right Handed,74,185,0.204,3,24,Normal
Chet Lemon,Right Handed,72,190,0.273,215,26,Overweight
Phil Mankowski,Left Handed,72,180,0.264,8,24,Normal
Cleon Jones,Right Handed,72,185,0.281,93,25,Overweight
Joaquin Andujar,Both Handed,72,170,0.127,5,23,Normal
Mike Lum,Left Handed,72,180,0.247,90,24,Normal
Johnny Grubb,Left Handed,75,175,0.278,99,22,Normal
Curt Motton,Right Handed,68,164,0.213,25,25,Overweight
Johnny Bench,Right Handed,73,197,0.267,389,26,Overweight
Dale Berra,Right Handed,72,180,0.236,49,24,Normal
Bob Meacham,Both Handed,73,175,0.236,8,23,Normal
Carl Warwick,Right Handed,70,170,0.248,31,24,Normal
Sam Bowens,Right Handed,73,188,0.223,45,25,Overweight
George Wright,Both Handed,71,180,0.245,42,25,Overweight
Luis Aguayo,Right Handed,69,173,0.236,37,26,Overweight
Hal Lanier,Right Handed,74,180,0.228,8,23,Normal
Len Randle,Both Handed,70,169,0.257,27,24,Normal
Greg Pryor,Right Handed,72,180,0.25,14,24,Normal
Jim Traber,Left Handed,72,194,0.227,27,26,Overweight
Dave Nelson,Right Handed,70,160,0.244,20,23,Normal
Lynn Jones,Right Handed,69,175,0.252,7,26,Overweight
Bryan Little,Both Handed,70,160,0.245,3,23,Normal
Ken Suarez,Right Handed,69,175,0.227,5,26,Overweight
Rick Peters,Both Handed,69,170,0.277,2,25,Overweight
Ron Stone,Left Handed,74,185,0.241,6,24,Normal
Tommie Agee,Right Handed,71,195,0.255,130,27,Overweight
Bob Bailey,Right Handed,73,180,0.257,189,24,Normal
Cap Peterson,Right Handed,74,195,0.23,19,25,Overweight
Ted Uhlaender,Left Handed,74,190,0.263,36,24,Normal
Ted Simmons,Both Handed,71,193,0.285,248,27,Overweight
Bobby Murcer,Left Handed,71,160,0.277,252,22,Normal
Dick Tracewski,Right Handed,71,160,0.213,8,22,Normal
Bill Nahorodny,Right Handed,74,200,0.241,25,26,Overweight
Bill Madlock,Right Handed,71,180,0.305,163,25,Overweight
Bob Boone,Right Handed,74,195,0.254,105,25,Overweight
Steve Kemp,Left Handed,72,195,0.278,130,26,Overweight
Rick Burleson,Right Handed,70,165,0.273,50,24,Normal
Carl Taylor,Right Handed,74,200,0.266,10,26,Overweight
Terry Harmon,Right Handed,74,180,0.233,4,23,Normal
Mike Hargrove,Left Handed,72,195,0.29,80,26,Overweight
Steve Hovley,Left Handed,70,188,0.258,8,27,Overweight
Don Leppert,Right Handed,74,220,0.229,15,28,Overweight
Lee May,Right Handed,75,195,0.267,354,24,Normal
Sam McDowell,Left Handed,77,190,0.154,2,23,Normal
Rick Renick,Right Handed,72,188,0.221,20,25,Overweight
Jeff Torborg,Right Handed,72,195,0.214,8,26,Overweight
Dave Campbell,Right Handed,73,180,0.213,20,24,Normal
Pat Kelly,Left Handed,73,185,0.264,76,24,Normal
Al Weis,Both Handed,72,160,0.219,7,22,Normal
Jerry Turner,Left Handed,69,180,0.257,45,27,Overweight
Rick Auerbach,Right Handed,72,165,0.22,9,22,Normal
Don Wilson,Right Handed,74,195,0.146,1,25,Overweight
Sandy Valdespino,Left Handed,68,170,0.23,7,26,Overweight
Ken Phelps,Left Handed,73,209,0.239,123,28,Overweight
Cesar Cedeno,Right Handed,74,175,0.285,199,22,Normal
Phil Linz,Right Handed,73,180,0.235,11,24,Normal
Manny Mota,Right Handed,70,160,0.304,31,23,Normal
Steve Renko,Right Handed,77,230,0.215,6,27,Overweight
Rick Sofield,Left Handed,73,195,0.243,9,26,Overweight
Doug DeCinces,Right Handed,74,190,0.259,237,24,Normal
John Castino,Right Handed,71,175,0.278,41,24,Normal
Dave May,Left Handed,70,186,0.251,96,27,Overweight
Ron Washington,Right Handed,71,155,0.261,20,22,Normal
Billy Grabarkewitz,Right Handed,70,165,0.236,28,24,Normal
Willie Aikens,Left Handed,75,220,0.271,110,27,Overweight
Earl Williams,Right Handed,75,215,0.247,138,27,Overweight
Don Hahn,Right Handed,73,180,0.236,7,24,Normal
Todd Cruz,Right Handed,72,175,0.22,34,24,Normal
Tom Egan,Right Handed,76,218,0.2,22,27,Overweight
Bob Heise,Right Handed,72,175,0.247,1,24,Normal
Tommy Harper,Right Handed,69,165,0.257,146,24,Normal
Joe Wallis,Both Handed,71,180,0.244,16,25,Overweight
Max Alvis,Right Handed,71,185,0.247,111,26,Overweight
Rico Carty,Right Handed,75,200,0.299,204,25,Overweight
Mike Cubbage,Left Handed,72,180,0.258,34,24,Normal
Merritt Ranew,Left Handed,71,170,0.247,8,24,Normal
Lyman Bostock,Left Handed,73,180,0.311,23,24,Normal
Damaso Garcia,Right Handed,73,165,0.283,36,22,Normal
Roy Howell,Left Handed,73,190,0.261,80,25,Overweight
Boog Powell,Left Handed,76,230,0.266,339,28,Overweight
Sonny Siebert,Right Handed,75,190,0.173,12,24,Normal
Bobby Darwin,Right Handed,74,190,0.251,83,24,Normal
Dan Driessen,Left Handed,71,187,0.267,153,26,Overweight
Bruce Miller,Right Handed,73,185,0.246,1,24,Normal
Bob Bailor,Right Handed,71,170,0.264,9,24,Normal
Tommy Helms,Right Handed,70,165,0.269,34,24,Normal
Tony Armas,Right Handed,71,182,0.252,251,25,Overweight
Willie Horton,Right Handed,71,209,0.273,325,29,Overweight
Lou Piniella,Right Handed,72,182,0.291,102,25,Overweight
Butch Hobson,Right Handed,73,193,0.248,98,25,Overweight
John Wathan,Right Handed,74,205,0.262,21,26,Overweight
Hal King,Left Handed,73,200,0.214,24,26,Overweight
Mike Krukow,Right Handed,77,205,0.193,5,24,Normal
Andres Mora,Right Handed,72,180,0.223,27,24,Normal
Barry Foote,Right Handed,75,205,0.23,57,26,Overweight
Ed Ott,Left Handed,70,190,0.259,33,27,Overweight
Alan Wiggins,Both Handed,74,160,0.259,5,21,Normal
Ron Clark,Right Handed,70,175,0.189,5,25,Overweight
Julio Gotay,Right Handed,72,180,0.26,6,24,Normal
Gary Alexander,Right Handed,74,195,0.23,55,25,Overweight
Andre Thornton,Right Handed,75,200,0.254,253,25,Overweight
Bob Oliver,Right Handed,75,205,0.256,94,26,Overweight
Bob Robertson,Right Handed,73,195,0.242,115,26,Overweight
Ollie Brown,Right Handed,74,178,0.265,102,23,Normal
Frank Quilici,Right Handed,73,170,0.214,5,22,Normal
Joe Pepitone,Left Handed,74,185,0.258,219,24,Normal
Steve Barber,Left Handed,72,195,0.115,5,26,Overweight
Norm Miller,Left Handed,70,185,0.238,24,27,Overweight
Bob Chance,Left Handed,74,196,0.261,24,25,Overweight
Julio Cruz,Both Handed,69,165,0.237,23,24,Normal
Bill Sample,Right Handed,69,175,0.272,46,26,Overweight
Craig Kusick,Right Handed,75,210,0.235,46,26,Overweight
Rudy Meoli,Left Handed,69,165,0.212,2,24,Normal
Ruppert Jones,Left Handed,70,170,0.25,147,24,Normal
Glenn Hoffman,Right Handed,73,175,0.242,23,23,Normal
Russ Gibson,Right Handed,73,195,0.228,8,26,Overweight
Terry Francona,Left Handed,73,190,0.274,16,25,Overweight
John Bateman,Right Handed,75,210,0.23,81,26,Overweight
Luis Pujols,Right Handed,74,175,0.193,6,22,Normal
Joe Gaines,Right Handed,73,190,0.241,21,25,Overweight
Doug Rader,Right Handed,74,208,0.251,155,27,Overweight
Mickey Stanley,Right Handed,73,185,0.248,117,24,Normal
Phil Bradley,Right Handed,72,185,0.286,78,25,Overweight
Winston Llenas,Right Handed,70,165,0.23,3,24,Normal
Charlie Moore,Right Handed,71,180,0.261,36,25,Overweight
Ralph Garr,Left Handed,71,185,0.306,75,26,Overweight
Tommy John,Right Handed,75,180,0.157,5,22,Normal
Bruce Benedict,Right Handed,73,175,0.242,18,23,Normal
John Ellis,Right Handed,74,225,0.262,69,29,Overweight
Wes Parker,Both Handed,73,180,0.267,64,24,Normal
David Green,Right Handed,75,170,0.268,31,21,Normal
Reid Nichols,Right Handed,71,165,0.266,22,23,Normal
Rick Reichardt,Right Handed,75,210,0.261,116,26,Overweight
Luis Tiant,Right Handed,72,180,0.164,5,24,Normal
Broderick Perkins,Left Handed,70,180,0.271,8,26,Overweight
Leon Roberts,Right Handed,75,200,0.267,78,25,Overweight
Ray Burris,Right Handed,77,200,0.151,1,24,Normal
Len Gabrielson,Left Handed,76,210,0.253,37,26,Overweight
Johnny Edwards,Left Handed,76,220,0.242,81,27,Overweight
Tom Grieve,Right Handed,74,190,0.249,65,24,Normal
Bob Forsch,Right Handed,76,200,0.213,12,24,Normal
Danny Cater,Right Handed,72,170,0.276,66,23,Normal
Bill Schroeder,Right Handed,74,200,0.24,61,26,Overweight
Clay Dalrymple,Left Handed,72,190,0.233,55,26,Overweight
Carlos May,Left Handed,71,200,0.274,90,28,Overweight
Reggie Smith,Both Handed,72,180,0.287,314,24,Normal
Ron Reed,Right Handed,78,215,0.158,0,25,Overweight
Davey Johnson,Right Handed,73,170,0.261,136,22,Normal
Ellis Valentine,Right Handed,76,205,0.278,123,25,Overweight
Roy White,Both Handed,70,160,0.271,160,23,Normal
Mike Brumley,Left Handed,70,195,0.229,5,28,Overweight
Al Luplow,Left Handed,70,175,0.235,33,25,Overweight
Dick Allen,Right Handed,71,187,0.292,351,26,Overweight
Doug Ault,Right Handed,75,200,0.236,17,25,Overweight
Mark Wagner,Right Handed,72,165,0.243,3,22,Normal
Willie Stargell,Left Handed,74,188,0.282,475,24,Normal
Steve Carlton,Left Handed,76,210,0.201,13,26,Overweight
Jake Wood,Right Handed,73,163,0.25,35,22,Normal
Del Unser,Left Handed,73,180,0.258,87,24,Normal
Bob Brower,Right Handed,71,185,0.242,17,26,Overweight
Ray Culp,Right Handed,72,200,0.123,1,27,Overweight
Ivan Murrell,Right Handed,74,195,0.236,33,25,Overweight
Lee Mazzilli,Both Handed,73,180,0.259,93,24,Normal
Garth Iorg,Right Handed,71,170,0.258,20,24,Normal
Alan Ashby,Both Handed,74,185,0.245,90,24,Normal
Bob Brenly,Right Handed,74,210,0.247,91,27,Overweight
Ron Blomberg,Left Handed,73,195,0.293,52,26,Overweight
Jim Rooker,Right Handed,72,195,0.201,7,26,Overweight
Tim Blackwell,Both Handed,71,170,0.228,6,24,Normal
Jerry Morales,Right Handed,70,155,0.259,95,22,Normal
Davey Lopes,Right Handed,69,170,0.263,155,25,Overweight
Catfish Hunter,Right Handed,72,190,0.226,6,26,Overweight
Mario Soto,Right Handed,72,174,0.132,1,24,Normal
Jimmy Wynn,Right Handed,70,160,0.25,291,23,Normal
Hank Allen,Right Handed,72,190,0.241,6,26,Overweight
Jim Fregosi,Right Handed,73,190,0.265,151,25,Overweight
Pepe Frias,Right Handed,70,159,0.24,1,23,Normal
Mike Schmidt,Right Handed,74,195,0.267,548,25,Overweight
Willie Montanez,Left Handed,72,170,0.275,139,23,Normal
Rey Quinones,Right Handed,71,160,0.243,29,22,Normal
Mike Squires,Left Handed,71,185,0.26,6,26,Overweight
Champ Summers,Left Handed,74,205,0.255,54,26,Overweight
Bert Campaneris,Right Handed,70,160,0.259,79,23,Normal
Bobby Valentine,Right Handed,70,189,0.26,12,27,Overweight
Rob Andrews,Right Handed,72,185,0.251,3,25,Overweight
Tom Haller,Left Handed,76,195,0.257,134,24,Normal
Ed Stroud,Left Handed,71,180,0.237,14,25,Overweight
Ron Swoboda,Right Handed,74,195,0.242,73,25,Overweight
Harry Spilman,Left Handed,73,180,0.237,18,24,Normal
Bob Barton,Right Handed,72,175,0.226,9,24,Normal
Daryl Sconiers,Left Handed,74,185,0.265,15,24,Normal
Joe Torre,Right Handed,74,212,0.297,252,27,Overweight
Al Ferrara,Right Handed,73,200,0.259,51,26,Overweight
Sixto Lezcano,Right Handed,70,165,0.271,148,24,Normal
Dave Nicholson,Right Handed,74,215,0.212,61,28,Overweight
Freddie Patek,Right Handed,65,148,0.242,41,25,Overweight
Ken Hubbs,Right Handed,74,175,0.247,14,22,Normal
Pepe Mangual,Right Handed,70,157,0.242,16,23,Normal
Leron Lee,Left Handed,72,196,0.25,31,27,Overweight
Steve Ontiveros,Both Handed,72,185,0.274,24,25,Overweight
Willie Davis,Left Handed,74,180,0.279,182,23,Normal
Tom Lawless,Right Handed,71,170,0.207,2,24,Normal
Jerry Moses,Right Handed,75,210,0.251,25,26,Overweight
Bobby Bonds,Right Handed,73,190,0.268,332,25,Overweight
Dave McNally,Right Handed,71,185,0.133,9,26,Overweight
Darrell Brown,Both Handed,72,184,0.274,1,25,Overweight
Roy Foster,Right Handed,72,185,0.253,45,25,Overweight
Denis Menke,Right Handed,72,185,0.25,101,25,Overweight
Hal Breeden,Right Handed,74,200,0.243,21,26,Overweight
Manny Trillo,Right Handed,73,150,0.263,61,20,Normal
Jackie Gutierrez,Right Handed,71,175,0.237,4,24,Normal
Jerry Kenney,Left Handed,73,170,0.237,7,22,Normal
Fred Kendall,Right Handed,73,185,0.234,31,24,Normal
Mike Anderson,Right Handed,74,200,0.246,28,26,Overweight
Joe Charboneau,Right Handed,74,205,0.266,29,26,Overweight
Jimmie Schaffer,Right Handed,69,170,0.223,11,25,Overweight
Junior Kennedy,Right Handed,71,175,0.248,4,24,Normal
Wilbur Howard,Both Handed,74,170,0.25,6,22,Normal
Rod Gilbreath,Right Handed,74,180,0.248,14,23,Normal
Mark Brouhard,Right Handed,73,210,0.259,25,28,Overweight
Mike Young,Both Handed,74,195,0.247,72,25,Overweight
Chris Speier,Right Handed,73,175,0.246,112,23,Normal
Gene Michael,Both Handed,74,183,0.229,15,23,Normal
Vic Harris,Both Handed,71,165,0.217,13,23,Normal
Mike Fischlin,Right Handed,73,165,0.22,3,22,Normal
Don Money,Right Handed,73,170,0.261,176,22,Normal
Joe Rudi,Right Handed,74,200,0.264,179,26,Overweight
Jim Rice,Right Handed,74,200,0.298,382,26,Overweight
Gil Garrido,Right Handed,69,150,0.237,1,22,Normal
Marty Perez,Right Handed,71,160,0.246,22,22,Normal
Tom Matchick,Left Handed,73,173,0.215,4,23,Normal
Jack Perconte,Left Handed,70,160,0.27,2,23,Normal
Ed Kirkpatrick,Left Handed,71,195,0.238,85,27,Overweight
Jerry Grote,Right Handed,70,185,0.252,39,27,Overweight
Ellie Hendricks,Left Handed,73,175,0.22,62,23,Normal
Jim Beauchamp,Right Handed,74,190,0.231,14,24,Normal
Tito Fuentes,Both Handed,71,175,0.268,45,24,Normal
Ron Brand,Right Handed,67,167,0.239,3,26,Overweight
Leo Cardenas,Right Handed,71,150,0.257,118,21,Normal
Art Shamsky,Left Handed,73,168,0.253,68,22,Normal
Ron Cey,Right Handed,70,185,0.261,316,27,Overweight
Skip Jutze,Right Handed,71,190,0.215,3,26,Overweight
Butch Wynegar,Both Handed,73,190,0.255,65,25,Overweight
Ron LeFlore,Right Handed,72,200,0.288,59,27,Overweight
Bill Russell,Right Handed,72,175,0.263,46,24,Normal
Gene Tenace,Right Handed,72,190,0.241,201,26,Overweight
Bubba Morton,Right Handed,70,175,0.267,14,25,Overweight
Ellie Rodriguez,Right Handed,71,185,0.245,16,26,Overweight
Darrel Chaney,Both Handed,74,188,0.217,14,24,Normal
Dick Nen,Left Handed,74,200,0.224,21,26,Overweight
Bill Freehan,Right Handed,75,203,0.262,200,25,Overweight
Steve Nicosia,Right Handed,70,185,0.248,11,27,Overweight
Ted Savage,Right Handed,73,185,0.233,34,24,Normal
Pete Mackanin,Right Handed,74,190,0.226,30,24,Normal
Rich Dauer,Right Handed,72,180,0.257,43,24,Normal
Mick Kelleher,Right Handed,69,176,0.213,0,26,Overweight
Rowland Office,Left Handed,72,170,0.259,32,23,Normal
Rick Leach,Left Handed,73,180,0.268,18,24,Normal
Dwayne Murphy,Left Handed,73,185,0.246,166,24,Normal
Larry Harlow,Left Handed,74,185,0.248,12,24,Normal
Mike Epstein,Left Handed,75,230,0.244,130,29,Overweight
Jerry Mumphrey,Both Handed,74,185,0.289,70,24,Normal
Don Sutton,Right Handed,73,185,0.144,0,24,Normal
Glenn Beckert,Right Handed,73,190,0.283,22,25,Overweight
Ron Davis,Right Handed,72,175,0.233,10,24,Normal
Mike Shannon,Right Handed,75,195,0.255,68,24,Normal
Jason Thompson,Left Handed,76,200,0.261,208,24,Normal
Wayne Tolleson,Both Handed,69,160,0.241,9,24,Normal
Mike Jorgensen,Left Handed,72,195,0.243,95,26,Overweight
Ed Romero,Right Handed,71,160,0.247,8,22,Normal
Rick Joseph,Right Handed,73,192,0.243,13,25,Overweight
Cecil Cooper,Left Handed,74,165,0.298,241,21,Normal
Bill Almon,Right Handed,75,180,0.254,36,22,Normal
Joe Ferguson,Right Handed,74,200,0.24,122,26,Overweight
Jerry Terrell,Right Handed,71,165,0.253,4,23,Normal
Dave Revering,Left Handed,76,210,0.265,62,26,Overweight
Curt Ford,Left Handed,70,150,0.245,7,22,Normal
Jerry Dybzinski,Right Handed,74,180,0.234,3,23,Normal
Bob Burda,Left Handed,71,174,0.224,13,24,Normal
Jesse Gonder,Left Handed,70,180,0.251,26,26,Overweight
Gary Sutherland,Right Handed,72,185,0.243,24,25,Overweight
Bob Coluccio,Right Handed,71,183,0.22,26,26,Overweight
Dave Rader,Left Handed,71,165,0.257,30,23,Normal
Ron Gardenhire,Right Handed,72,175,0.232,4,24,Normal
Bill Sharp,Left Handed,70,178,0.255,9,26,Overweight
Alan Bannister,Right Handed,71,170,0.27,19,24,Normal
Bob Watson,Right Handed,72,201,0.295,184,27,Overweight
Ken Harrelson,Right Handed,74,190,0.239,131,24,Normal
Bobby Wine,Right Handed,73,187,0.215,30,25,Overweight
John Kennedy,Right Handed,72,185,0.225,32,25,Overweight
Chico Ruiz,Both Handed,72,169,0.24,2,23,Normal
Gail Hopkins,Left Handed,70,198,0.266,25,28,Overweight
Doug Frobel,Left Handed,76,196,0.201,20,24,Normal
Luis Melendez,Right Handed,72,165,0.248,9,22,Normal
Bill Plummer,Right Handed,73,190,0.188,14,25,Overweight
Buck Rodgers,Both Handed,74,190,0.232,31,24,Normal
Phil Niekro,Right Handed,73,180,0.169,7,24,Normal
Tom Poquette,Left Handed,70,175,0.268,10,25,Overweight
Brian Asselstine,Left Handed,73,175,0.254,12,23,Normal
Rick Miller,Left Handed,72,175,0.269,28,24,Normal
Ed Charles,Right Handed,70,170,0.263,86,24,Normal
Luis Gomez,Right Handed,69,150,0.21,0,22,Normal
Floyd Rayford,Right Handed,70,190,0.244,38,27,Overweight
Tony Conigliaro,Right Handed,75,185,0.264,166,23,Normal
Jim Barr,Right Handed,75,205,0.162,1,26,Overweight
Jerry Remy,Left Handed,69,165,0.275,7,24,Normal
Frank Duffy,Right Handed,73,180,0.232,26,24,Normal
Tom O'Malley,Left Handed,72,180,0.256,13,24,Normal
Phil Garner,Right Handed,70,175,0.26,109,25,Overweight
